{
    "h": 100,
    "C_width": 0.83,
    "C_heights": [
        30,
        70,
        142.5,
        142.5,
        142.5,
        142.5,
        47.5
    ],
    "RF_length": 1500,
    "RF_width": 2,
    "X_opt": 700,
    "DC_width": 2.249908,
    "DC_height": 1,
    "n_DC": 3,
    "top_control": [
        234.82432404138,
        190.59280191620132,
        236.42310829337248,
        236.14449335904064,
        188.07038963691528,
        168.5307828634885,
        192.3268043439308,
        166.55478174472188
    ],
    "bottom_control": [
        39.8463653663852,
        38.673805184027266,
        40.30097869304811,
        35.52407583873196,
        38.44055816214426,
        41.5,
        41.5,
        10.004253765203849
    ]
}