{
    "h": 50,
    "C_width": 0.83,
    "C_heights": [
        15,
        35,
        67.5,
        67.5,
        67.5,
        67.5,
        50
    ],
    "RF_length": 800,
    "RF_width": 2,
    "X_opt": 350,
    "DC_width": 2.39568,
    "DC_height": 1,
    "n_DC": 3,
    "top_control": [
        120.75,
        113.24603779483593,
        119.38953378426956,
        100.58331581340394,
        85.93511325702232,
        116.65434814864612,
        84.0382120763762,
        83.07614849466378
    ],
    "bottom_control": [
        20.735501538933576,
        19.772106061973428,
        19.970180908563997,
        18.756151349602113,
        19.384313905926625,
        20.75,
        20.75,
        10.020439512102229
    ]
}