{
    "h": 75,
    "C_width": 0.83,
    "C_heights": [
        22.5,
        52.5,
        105,
        105,
        105,
        105,
        50
    ],
    "C_radius": 10,
    "RF_length": 1150,
    "RF_width": 2,
    "X_opt": 525,
    "DC_width": 2.17077,
    "DC_height": 1,
    "n_DC": 3,
    "top_control": [
        181.21994878256777,
        181.08329192907047,
        164.49034866832704,
        167.90868575961332,
        180.2293670589733,
        180.80337650454112,
        179.23922337267078,
        154.65906125466392
    ],
    "bottom_control": [
        31.033483744357383,
        28.45398147945059,
        30.216300493334344,
        28.166270603377065,
        31.111675008496945,
        31.125,
        31.118358993403234,
        12.517212344615992
    ]
}