{
    "h": 50,
    "C_width": 0.83,
    "C_heights": [
        15,
        35,
        67.5,
        67.5,
        67.5,
        67.5,
        50
    ],
    "C_radius": 10,
    "RF_length": 800,
    "RF_width": 2,
    "X_opt": 350,
    "DC_width": 2.3348,
    "DC_height": 1,
    "n_DC": 3,
    "top_control": [
        120.85,
        120.75,
        101.24687053121005,
        120.42068779338058,
        119.97113335228386,
        92.75491599632221,
        112.81273178619506,
        94.43557362493351
    ],
    "bottom_control": [
        20.65852233973669,
        19.508724524721664,
        19.567542563525862,
        19.317373262433534,
        18.954931931761536,
        20.75,
        20.725104082592665,
        10.009405239769691
    ]
}