{
    "h": 100,
    "C_width": 0.83,
    "C_heights": [
        30,
        70,
        142.5,
        142.5,
        142.5,
        142.5,
        50
    ],
    "C_radius": 10,
    "RF_length": 1500,
    "RF_width": 2,
    "X_opt": 700,
    "DC_width": 2.201005,
    "DC_height": 1,
    "n_DC": 3,
    "top_control": [
        241.45330963852962,
        226.87173000758094,
        232.92056118191203,
        222.98323380496487,
        239.81554007346176,
        233.43199291269582,
        235.0870298987369,
        184.57547517949757
    ],
    "bottom_control": [
        41.54951622338156,
        40.09899650291001,
        42.37789935513409,
        38.483097534167484,
        46.86869029061543,
        35.22881679795216,
        54.8422431861311,
        14.199105137288043
    ]
}