{
    "h": 75,
    "C_width": 0.83,
    "C_heights": [
        22.5,
        52.5,
        105,
        105,
        105,
        105,
        50
    ],
    "C_radius": 10,
    "RF_length": 1150,
    "RF_width": 2,
    "X_opt": 525,
    "DC_width": 2.30809,
    "DC_height": 1,
    "n_DC": 3,
    "top_control": [
        177.46700986901487,
        171.72688423124737,
        175.65312445672993,
        141.44901202686648,
        131.64502593343553,
        177.99345616135764,
        124.62493598605501,
        125.50368257755434
    ],
    "bottom_control": [
        30.432369083613544,
        29.640533436624033,
        28.35487014377751,
        28.897795060592124,
        26.731161638204632,
        31.125,
        31.090734928963055,
        10.006949338523468
    ]
}